name,risk
0000001.jpg,0.004584118723869324
0000003.jpg,0.6720845699310303
0000004.jpg,0.8663737177848816
0000005.jpg,0.7191912531852722
0000007.jpg,0.03170975297689438
0000010.jpg,0.003383585251867771
0000013.jpg,0.0016980100190266967
0000015.jpg,0.053538478910923004
0000021.jpg,0.3991345167160034
0000022.jpg,0.009577462449669838
0000024.jpg,0.16906724870204926
0000025.jpg,0.878706157207489
0000033.jpg,0.08463966846466064
0000034.jpg,0.09202469885349274
0000037.jpg,0.3346512019634247
0000039.jpg,0.706669807434082
0000040.jpg,0.0006019678548909724
0000042.jpg,0.021956250071525574
0000044.jpg,0.014063958078622818
0000048.jpg,0.01048662792891264
0000054.jpg,0.026478352025151253
0000057.jpg,0.04652795568108559
0000058.jpg,0.005591454915702343
0000062.jpg,0.03330467641353607
0000063.jpg,0.00326785771176219
0000072.jpg,0.9807654023170471
0000079.jpg,0.43696725368499756
0000080.jpg,0.026431644335389137
0000081.jpg,0.0031464952044188976
0000083.jpg,0.03262629732489586
0000085.jpg,0.20708192884922028
0000092.jpg,0.01456273440271616
0000093.jpg,0.0013152731116861105
0000100.jpg,0.049427393823862076
0000103.jpg,0.014019634574651718
0000106.jpg,0.2696332037448883
0000107.jpg,0.17475078999996185
0000110.jpg,0.006570857018232346
0000113.jpg,0.0004614237404894084
0000118.jpg,0.9394775032997131
0000121.jpg,0.025135453790426254
0000122.jpg,0.03902507200837135
0000127.jpg,0.6592373847961426
0000131.jpg,0.008371224626898766
0000133.jpg,0.8500444293022156
0000140.jpg,0.984394907951355
0000145.jpg,0.9397404193878174
0000146.jpg,0.048739150166511536
0000148.jpg,0.002518891589716077
0000152.jpg,0.2289164662361145
0000153.jpg,0.2958863377571106
0000154.jpg,0.032764192670583725
0000166.jpg,0.3568204641342163
0000167.jpg,0.534391462802887
0000172.jpg,0.9047468304634094
0000174.jpg,0.9284224510192871
0000176.jpg,0.0023075654171407223
0000178.jpg,0.042893826961517334
0000179.jpg,0.0035453527234494686
0000180.jpg,0.02175385132431984
0000184.jpg,0.6650126576423645
0000188.jpg,0.053518667817115784
0000189.jpg,0.24476052820682526
0000191.jpg,0.03715351223945618
0000192.jpg,0.9297370314598083
0000194.jpg,0.3226696252822876
0000201.jpg,0.0005352667649276555
0000202.jpg,0.01894308254122734
0000206.jpg,0.09124912321567535
0000210.jpg,0.9098079800605774
0000214.jpg,0.3804225027561188
0000215.jpg,0.0016365303890779614
0000219.jpg,0.5071896314620972
0000220.jpg,0.0008553593070246279
0000221.jpg,0.2826797366142273
0000224.jpg,0.003700404427945614
0000229.jpg,0.0028427920769900084
0000230.jpg,0.0016502229264006019
0000237.jpg,0.04583332687616348
0000241.jpg,0.6201843023300171
0000244.jpg,0.16775381565093994
0000246.jpg,0.4601273536682129
0000250.jpg,0.013404945842921734
0000252.jpg,0.49019649624824524
0000258.jpg,0.045571960508823395
0000261.jpg,0.0010098029160872102
0000263.jpg,0.002285115187987685
0000269.jpg,0.20008614659309387
0000274.jpg,0.8469422459602356
0000281.jpg,0.998113751411438
0000284.jpg,0.9940739274024963
0000287.jpg,0.8977230787277222
0000292.jpg,0.40638652443885803
0000293.jpg,0.9692481160163879
0000294.jpg,0.30497780442237854
0000295.jpg,0.3016289472579956
0000296.jpg,0.5650374293327332
0000299.jpg,0.9488982558250427
0000302.jpg,0.6280353665351868
0000304.jpg,0.3014921247959137
0000305.jpg,0.3409450948238373
0000306.jpg,0.09603066742420197
0000309.jpg,0.019788416102528572
0000317.jpg,0.03380655497312546
0000318.jpg,0.26799893379211426
0000321.jpg,0.7397021055221558
0000331.jpg,0.5220471024513245
0000334.jpg,0.09732844680547714
0000335.jpg,0.9350899457931519
0000336.jpg,0.03391361981630325
0000337.jpg,0.904869794845581
0000339.jpg,0.0009311008034273982
0000345.jpg,0.09579966217279434
0000346.jpg,0.27375277876853943
0000352.jpg,0.0014185616746544838
0000353.jpg,0.0013968957355245948
0000355.jpg,0.03622590750455856
0000356.jpg,0.6834468841552734
0000358.jpg,0.07088695466518402
0000361.jpg,0.940759539604187
0000362.jpg,0.6464036107063293
0000382.jpg,0.1564008593559265
0000385.jpg,0.1620292365550995
0000390.jpg,0.8925331234931946
0000394.jpg,0.9892020225524902
0000401.jpg,0.7845460772514343
0000402.jpg,0.016323015093803406
0000406.jpg,0.315073162317276
0000408.jpg,0.013336217030882835
0000409.jpg,0.000410328182624653
0000410.jpg,0.032413069158792496
0000412.jpg,0.9963850975036621
0000413.jpg,0.9442846179008484
0000414.jpg,0.9589055180549622
0000417.jpg,0.9342447519302368
0000418.jpg,0.9423530101776123
0000421.jpg,0.033281899988651276
0000422.jpg,0.0022163211833685637
0000432.jpg,0.9632704257965088
0000433.jpg,0.14549769461154938
0000437.jpg,0.772875964641571
0000439.jpg,0.17913153767585754
0000440.jpg,0.9530834555625916
0000441.jpg,0.003702415619045496
0000451.jpg,0.16947650909423828
0000452.jpg,0.3070208430290222
0000459.jpg,0.9281731247901917
0000465.jpg,0.05424139276146889
0000468.jpg,0.1700250208377838
0000470.jpg,0.0029768478125333786
0000472.jpg,0.8769092559814453
0000473.jpg,0.4136192202568054
0000479.jpg,0.12239015847444534
0000480.jpg,0.001049249665811658
0000495.jpg,0.016694437712430954
0000498.jpg,0.014519065618515015
0000506.jpg,0.18986141681671143
0000507.jpg,0.010120346210896969
0000508.jpg,0.6510710120201111
0000509.jpg,0.16204231977462769
0000514.jpg,0.005417610984295607
0000515.jpg,0.05696212127804756
0000516.jpg,0.9412801861763
0000522.jpg,0.014801752753555775
0000524.jpg,0.4220217764377594
0000525.jpg,0.01844860054552555
0000526.jpg,0.002988475374877453
0000528.jpg,0.5406641364097595
0000534.jpg,0.016453159973025322
0000538.jpg,0.09967155754566193
0000539.jpg,0.022808406502008438
0000540.jpg,0.042581889778375626
0000544.jpg,0.12047172337770462
0000548.jpg,0.5953654646873474
0000554.jpg,0.9862307906150818
0000558.jpg,0.0005535701056942344
0000559.jpg,0.0008238244336098433
0000563.jpg,4.45859222963918e-06
0000564.jpg,0.0030247534159570932
0000566.jpg,3.977020242018625e-05
0000569.jpg,0.0002973843365907669
0000574.jpg,6.190168642206118e-05
0000582.jpg,0.0005200458690524101
0000584.jpg,5.856236839463236e-06
0000585.jpg,0.010061759501695633
0000586.jpg,0.0015297571662813425
0000587.jpg,0.000644584302790463
0000594.jpg,6.85784689267166e-05
0000596.jpg,4.556359272100963e-05
0000597.jpg,3.9769973227521405e-05
0000600.jpg,2.195469228638558e-08
0000602.jpg,5.7500004913890734e-05
0000605.jpg,7.271291906363331e-07
0000608.jpg,2.2244696083362214e-05
0000612.jpg,0.005602784920483828
0000614.jpg,0.00014094423386268318
0000615.jpg,7.284461025847122e-05
0000616.jpg,8.302337846544106e-06
0000618.jpg,0.00010901347559411079
0000619.jpg,0.0001993961341213435
0000620.jpg,0.0009333408670499921
0000625.jpg,1.2463231541914865e-05
0000627.jpg,0.0013700546696782112
0000629.jpg,1.0865893500522361e-06
0000631.jpg,0.009923881851136684
0000633.jpg,4.500843260757392e-06
0000635.jpg,0.0031411468517035246
0000638.jpg,0.0018982728943228722
0000643.jpg,0.00022810787777416408
0000645.jpg,0.0032969960011541843
0000646.jpg,2.0939978639944457e-06
0000654.jpg,6.391222268575802e-05
0000660.jpg,0.00048624147893860936
0000665.jpg,1.702779991319403e-05
0000666.jpg,0.00019595271442085505
0000667.jpg,0.0001563260011607781
0000668.jpg,0.0008311828132718801
0000674.jpg,0.0005661988980136812
0000677.jpg,1.798552693799138e-05
0000680.jpg,0.0003119709435850382
0000687.jpg,0.00013127241982147098
0000692.jpg,3.5734065022552386e-05
0000695.jpg,0.01614726521074772
0000698.jpg,0.0002616983256302774
0000699.jpg,0.00011712566629284993
0000701.jpg,3.37975361617282e-05
0000702.jpg,2.0453175238799304e-05
0000704.jpg,0.00015868418267928064
0000705.jpg,0.0006424432503990829
0000706.jpg,4.340529994806275e-05
0000716.jpg,0.0002596311387605965
0000720.jpg,2.064630825771019e-05
0000722.jpg,0.0004909594426862895
0000723.jpg,0.02963731810450554
0000725.jpg,0.004843039903789759
0000727.jpg,1.2495596592998481e-06
0000730.jpg,1.8121070752386004e-05
0000733.jpg,3.379454085461475e-07
0000738.jpg,0.0005833652685396373
0000744.jpg,0.0003008523490279913
0000748.jpg,4.031278422189644e-06
0000750.jpg,0.0005635031848214567
0000758.jpg,5.05569630604441e-07
0000763.jpg,0.0005741841741837561
0000764.jpg,0.014072463847696781
0000766.jpg,0.00040662914398126304
0000772.jpg,4.7090808948269114e-05
0000773.jpg,0.00039979981374926865
0000774.jpg,9.600423072697595e-05
0000776.jpg,0.0007488552946597338
0000777.jpg,5.427383803180419e-05
0000779.jpg,8.462297410005704e-05
0000781.jpg,6.038092033122666e-05
0000784.jpg,4.7760995585122146e-06
0000785.jpg,1.990338915902612e-07
0000786.jpg,0.005940742790699005
0000788.jpg,1.916668043122627e-05
0000789.jpg,0.00028334525995887816
0000791.jpg,1.179492028313689e-05
0000792.jpg,5.624884579447098e-06
0000795.jpg,4.9338963435729966e-05
0000797.jpg,0.002877146704122424
0000798.jpg,0.00018983268819283694
0000805.jpg,0.00015119956515263766
0000806.jpg,0.00022643977717962116
0000807.jpg,2.7483522444526898e-06
0000810.jpg,2.604560722829774e-05
0000815.jpg,0.00012311838509049267
0000816.jpg,0.0037892211694270372
0000817.jpg,2.4946333724074066e-05
0000836.jpg,7.26054931874387e-05
0000837.jpg,0.0002406045387033373
0000840.jpg,6.243523966986686e-05
0000841.jpg,0.0017783460207283497
0000842.jpg,3.3755441108951345e-05
0000843.jpg,3.5718392609851435e-05
0000846.jpg,0.00016971112927421927
0000853.jpg,0.0005653495318256319
0000858.jpg,0.0003180865605827421
0000863.jpg,0.000916872697416693
0000866.jpg,0.00017204547475557774
0000868.jpg,3.9316542910228236e-08
0000871.jpg,0.00016337477427441627
0000876.jpg,0.0003879506839439273
0000882.jpg,0.0004400773614179343
0000885.jpg,0.00016091378347482532
0000889.jpg,4.140980672673322e-05
0000896.jpg,0.0003845436731353402
0000897.jpg,2.5258976165787317e-05
0000898.jpg,2.21729465010867e-06
0000903.jpg,1.8205820424554986e-06
0000904.jpg,0.0017603498417884111
0000911.jpg,1.8219980120193213e-05
0000918.jpg,2.9216653274488635e-05
0000920.jpg,0.00014720996841788292
0000929.jpg,2.079365549434442e-05
0000930.jpg,1.601089934410993e-05
0000931.jpg,5.329551555632861e-08
0000933.jpg,3.05792891595047e-05
0000934.jpg,1.1323613762215246e-05
0000942.jpg,0.0033577363938093185
0000944.jpg,2.1036272300989367e-05
0000945.jpg,0.00022433015692513436
0000949.jpg,0.0002465993748046458
0000950.jpg,0.00462696747854352
0000952.jpg,3.101296996987912e-08
0000954.jpg,2.996312673531065e-07
0000955.jpg,0.00032869362621568143
0000957.jpg,0.00019457699090708047
0000958.jpg,5.305515969666885e-06
0000959.jpg,3.653305384432315e-06
0000966.jpg,2.834068436641246e-05
0000971.jpg,0.016775701195001602
0000974.jpg,2.171254891436547e-06
0000975.jpg,0.0009956501889973879
0000976.jpg,5.338929986464791e-05
0000977.jpg,5.802029409096576e-05
0000978.jpg,0.0008452397887594998
0000982.jpg,0.00019428279483690858
0000992.jpg,0.00015840462583582848
0000995.jpg,7.127063145162538e-05
0000999.jpg,0.007015567272901535
0001000.jpg,8.414345757046249e-06
0001003.jpg,6.856710399461008e-08
0001007.jpg,0.009366657584905624
0001009.jpg,0.00016266331658698618
0001011.jpg,0.0010413030395284295
0001016.jpg,0.0005084319855086505
0001021.jpg,0.00016944514936767519
0001028.jpg,0.00026557824457995594
0001029.jpg,2.3056871214066632e-05
0001033.jpg,0.0001308430073549971
0001037.jpg,5.973973202344496e-06
0001041.jpg,0.0018205816159024835
0001043.jpg,0.0024977957364171743
0001045.jpg,0.001553551061078906
0001046.jpg,2.4977016437333077e-05
0001048.jpg,1.0442979146318976e-05
0001053.jpg,0.00012595177395269275
0001056.jpg,7.119440397218568e-07
0001057.jpg,0.00010814697452588007
0001065.jpg,0.0002076703094644472
0001072.jpg,0.00037625766708515584
0001074.jpg,1.027179678203538e-06
0001078.jpg,3.5754179407376796e-05
0001081.jpg,8.435836934950203e-05
0001084.jpg,0.024704746901988983
0001085.jpg,0.0031960373744368553
0001086.jpg,0.0009184762020595372
0001088.jpg,5.727666575694457e-05
0001094.jpg,0.0010538061615079641
0001097.jpg,1.660613270360045e-05
0001100.jpg,0.5097289681434631
0001106.jpg,0.054748207330703735
0001109.jpg,0.2781983017921448
0001111.jpg,0.1567179560661316
0001118.jpg,0.6685937643051147
0001121.jpg,0.7676289081573486
0001124.jpg,0.755524218082428
0001127.jpg,0.9701545238494873
0001128.jpg,0.008617140352725983
0001134.jpg,0.04648568481206894
0001137.jpg,0.23705680668354034
0001140.jpg,0.0198920089751482
0001141.jpg,0.5123125910758972
0001146.jpg,0.22068415582180023
0001147.jpg,0.022738013416528702
0001152.jpg,0.21643123030662537
0001153.jpg,0.03980064392089844
0001157.jpg,0.040087003260850906
0001160.jpg,6.346316513372585e-05
0001162.jpg,0.0003874401154462248
0001164.jpg,0.0005376242334023118
0001165.jpg,8.837376662995666e-05
0001170.jpg,0.0012509835651144385
0001171.jpg,3.7206664273981005e-06
0001184.jpg,0.0055021182633936405
0001186.jpg,0.007742868736386299
0001187.jpg,0.00014076358638703823
0001190.jpg,0.0007147373980842531
0001191.jpg,0.004465076606720686
0001192.jpg,0.0008067794842645526
0001196.jpg,0.0012798174284398556
0001197.jpg,7.966317753016483e-06
0001200.jpg,1.223425783791754e-06
0001201.jpg,1.4147311048873235e-05
0001202.jpg,0.00011388952407287434
0001203.jpg,1.1566257853701245e-05
0001211.jpg,0.0001276480033993721
0001212.jpg,0.0012991823023185134
0001214.jpg,1.6133117242134176e-05
0001217.jpg,0.00018322780670132488
0001218.jpg,0.0007614053320139647
0001219.jpg,0.002430214313790202
0001222.jpg,9.528846931061707e-06
0001225.jpg,6.24869699095143e-06
0001226.jpg,0.00027442455757409334
0001228.jpg,3.329478204250336e-05
0001232.jpg,0.0006194795714691281
0001234.jpg,0.0001722920424072072
0001235.jpg,5.5762589909136295e-05
0001237.jpg,1.4318416106107179e-05
0001239.jpg,0.0004956157645210624
0001243.jpg,0.0013882627245038748
0001245.jpg,1.9011053154827096e-05
0001247.jpg,8.484979616696364e-07
0001248.jpg,0.0001180118924821727
0001249.jpg,0.0002503015275578946
0001250.jpg,0.0006354288780130446
0001254.jpg,1.9014714780496433e-05
0001256.jpg,0.0010333743412047625
0001260.jpg,0.0022846218198537827
0001261.jpg,0.0007954395259730518
0001262.jpg,0.0023948049638420343
0001265.jpg,0.0038783338386565447
0001266.jpg,2.2559424905921333e-05
0001269.jpg,9.234789104084484e-06
0001275.jpg,5.770807547378354e-07
0001280.jpg,1.3113720342516899e-05
0001283.jpg,0.02482324093580246
0001289.jpg,3.690334793304828e-08
0001290.jpg,0.00012737528595607728
0001292.jpg,5.150519064045511e-05
0001297.jpg,5.5503580369986594e-05
0001298.jpg,0.0029068714939057827
0001300.jpg,2.6157522370340303e-06
0001301.jpg,8.684660861035809e-05
0001302.jpg,0.0009303258848376572
0001306.jpg,0.00803868006914854
0001311.jpg,8.201952368835919e-06
0001315.jpg,9.215742693413631e-07
0001318.jpg,7.4142670200672e-05
0001320.jpg,0.0007175885257311165
0001322.jpg,2.342286279599648e-05
0001324.jpg,0.00022432715923059732
0001326.jpg,8.579202403780073e-05
0001329.jpg,0.001220610924065113
0001330.jpg,7.481139618903399e-05
0001335.jpg,0.0038100574165582657
0001336.jpg,1.6976338883978315e-05
0001337.jpg,0.0006401024875231087
0001338.jpg,0.0006011571385897696
0001343.jpg,0.0003582564531825483
0001347.jpg,0.0008901384426280856
0001349.jpg,0.00014610520156566054
0001351.jpg,0.005585283041000366
0001354.jpg,4.201987030683085e-05
0001356.jpg,4.4088883441872895e-05
0001358.jpg,3.696907151606865e-05
0001359.jpg,1.9360597889317432e-06
0001364.jpg,1.1889422239619307e-05
0001371.jpg,1.3103406672598794e-05
0001378.jpg,0.0007673121290281415
0001381.jpg,1.308675837208284e-05
0001384.jpg,2.5906636437866837e-05
0001387.jpg,1.768800757417921e-05
0001390.jpg,0.00014966048183850944
0001392.jpg,3.065144119318575e-05
0001395.jpg,0.00014688803639728576
0001400.jpg,0.0015613262075930834
0001406.jpg,5.47376384929521e-06
0001408.jpg,4.21364456997253e-05
0001414.jpg,2.1215223569015507e-06
0001415.jpg,5.99464374317904e-06
0001421.jpg,0.0020572098437696695
0001422.jpg,2.397165008005686e-05
0001425.jpg,1.8159678347728914e-06
0001427.jpg,0.00018367997836321592
0001428.jpg,0.00010802441829582676
0001429.jpg,5.72011704207398e-05
0001430.jpg,1.7995769667322747e-05
0001431.jpg,4.089325011591427e-05
0001436.jpg,0.001557237352244556
0001438.jpg,0.00041795134893618524
0001440.jpg,0.00022653845371678472
0001443.jpg,0.0008124971063807607
0001445.jpg,0.008288320153951645
0001448.jpg,3.0333233098644996e-06
0001449.jpg,2.7039322958444245e-07
0001450.jpg,0.0020105361472815275
0001451.jpg,1.1886168977071065e-05
0001454.jpg,3.1808265248400858e-06
0001465.jpg,8.837376662995666e-05
0001470.jpg,0.0012509835651144385
0001475.jpg,2.755625973804854e-05
0001479.jpg,0.029192587360739708
0001480.jpg,0.00016906074597500265
0001481.jpg,0.03144288435578346
0001488.jpg,0.0006354385404847562
0001504.jpg,2.4672124709468335e-05
0001505.jpg,7.876918061811011e-06
0001507.jpg,0.004555164370685816
0001510.jpg,0.0015523281181231141
0001513.jpg,0.00010403827764093876
0001514.jpg,1.6133117242134176e-05
0001516.jpg,0.0004658279358409345
0001519.jpg,0.002430214313790202
0001520.jpg,3.382315298949834e-06
0001527.jpg,3.8598365790676326e-05
0001530.jpg,2.997183855768526e-06
0001538.jpg,1.5679976058891043e-05
0001543.jpg,0.0013882627245038748
0001544.jpg,5.501089617609978e-05
0001546.jpg,0.0012167737586423755
0001562.jpg,0.0023948049638420343
0001563.jpg,1.2300920388952363e-06
0001565.jpg,0.0038783338386565447
0001570.jpg,0.00015585761866532266
0001571.jpg,4.2734594899229705e-05
0001575.jpg,5.770807547378354e-07
0001576.jpg,3.2789746455819113e-06
0001577.jpg,1.128195918909114e-07
0001580.jpg,1.3113720342516899e-05
0001581.jpg,0.0001906140532810241
0001584.jpg,0.00041361054172739387
0001586.jpg,2.3674445401411504e-05
0001591.jpg,0.0001357818255200982
0001592.jpg,5.150519064045511e-05
0001595.jpg,2.9196180548751727e-05
0001596.jpg,8.033593076106627e-06
0001598.jpg,0.0029068714939057827
0001599.jpg,9.414825399289839e-06
0001603.jpg,4.1472964085187414e-07
0001605.jpg,1.6446790596091887e-06
0001608.jpg,0.006377887446433306
0001609.jpg,0.00018367542361374944
0001611.jpg,8.201952368835919e-06
0001617.jpg,0.00021220682538114488
0001619.jpg,3.958320667152293e-05
0001626.jpg,8.579202403780073e-05
0001630.jpg,7.481139618903399e-05
0001632.jpg,2.9450371584971435e-05
0001635.jpg,0.0038100574165582657
0001636.jpg,1.6976338883978315e-05
0001637.jpg,0.0006401024875231087
0001639.jpg,5.823539140692446e-06
0001642.jpg,5.329123086994514e-05
0001646.jpg,2.6808242182596587e-05
0001652.jpg,0.00034519770997576416
0001655.jpg,3.359781840117648e-05
0001658.jpg,3.696907151606865e-05
0001660.jpg,0.00043913282570429146
0001661.jpg,7.843780622351915e-05
0001672.jpg,1.2658886134886416e-06
0001679.jpg,5.0401740736560896e-05
0001684.jpg,2.5906636437866837e-05
0001685.jpg,8.386925765080377e-05
0001687.jpg,1.768800757417921e-05
0001688.jpg,0.00017416611080989242
0001690.jpg,0.00014966048183850944
0001695.jpg,0.00014688803639728576
0001696.jpg,0.0003352388448547572
0001703.jpg,0.0014653723919764161
0001704.jpg,0.00010702983854571357
0001705.jpg,0.0008628527284599841
0001706.jpg,5.47376384929521e-06
0001708.jpg,4.21364456997253e-05
0001709.jpg,5.4630158956570085e-06
0001710.jpg,1.172212705569109e-06
0001718.jpg,6.65721302084421e-07
0001720.jpg,6.869425851618871e-05
0001723.jpg,5.372884697862901e-05
0001725.jpg,1.8159678347728914e-06
0001729.jpg,5.72011704207398e-05
0001737.jpg,0.0006861789734102786
0001743.jpg,0.0008124971063807607
0001748.jpg,3.0333233098644996e-06
0001750.jpg,0.0020105361472815275
0001756.jpg,2.0442973891476868e-06
0001758.jpg,0.0008130810456350446
0001762.jpg,1.935816544573754e-05
0001768.jpg,0.000161761898198165
0001770.jpg,0.0003235049080103636
0001771.jpg,1.8542212956162984e-06
0001772.jpg,1.8792776245390996e-05
0001773.jpg,5.897204391658306e-05
0001775.jpg,0.001048940815962851
0001778.jpg,6.72431560815312e-05
0001780.jpg,2.8164055265733623e-07
0001782.jpg,0.0018784147687256336
0001784.jpg,6.165695958770812e-05
0001788.jpg,0.00011821754742413759
0001789.jpg,0.00023927493020892143
0001791.jpg,5.053298446000554e-05
0001795.jpg,8.258562593255192e-05
0001803.jpg,7.499232168584058e-08
0001808.jpg,0.0004779707232955843
0001809.jpg,4.3392879888415337e-05
0001812.jpg,8.795592293608934e-05
0001816.jpg,0.0007286965847015381
0001819.jpg,0.000100163379102014
0001820.jpg,0.0014161955332383513
0001821.jpg,0.0002953356015495956
0001825.jpg,2.3354039058176568e-06
0001826.jpg,2.1712590751121752e-05
0001831.jpg,1.3102692264510551e-06
0001832.jpg,9.827355825109407e-05
0001836.jpg,0.0008692460833117366
0001841.jpg,0.0004509620775934309
0001844.jpg,7.196027581812814e-06
0001852.jpg,2.0052479158039205e-05
0001854.jpg,4.974134299118305e-06
0001856.jpg,0.00019867916125804186
0001862.jpg,0.0011053706984966993
0001873.jpg,0.00042078393744304776
0001876.jpg,0.00024628685787320137
0001884.jpg,0.0004932964220643044
0001888.jpg,3.788773392443545e-05
0001889.jpg,2.960787242045626e-05
0001891.jpg,0.00014419261424336582
0001892.jpg,0.0017117090756073594
0001893.jpg,0.0037739984691143036
0001894.jpg,1.4608448509534355e-05
0001898.jpg,3.3102969609899446e-06
0001900.jpg,1.3621339348901529e-05
0001902.jpg,1.79137186933076e-05
0001903.jpg,0.0002525507879909128
0001912.jpg,5.996902473270893e-06
0001918.jpg,0.00018775482021737844
0001919.jpg,0.000654431467410177
0001921.jpg,0.000631782750133425
0001922.jpg,6.450839009630727e-06
0001926.jpg,3.9249349356396124e-05
0001927.jpg,6.409127763618017e-06
0001934.jpg,1.5821568695173482e-06
0001935.jpg,8.444288687314838e-05
0001937.jpg,5.603382760455133e-06
0001940.jpg,1.8500827536627185e-06
0001946.jpg,7.031860150163993e-06
0001952.jpg,9.591436537448317e-05
0001955.jpg,0.001657193060964346
0001959.jpg,6.482086064352188e-06
0001961.jpg,0.001485372893512249
0001963.jpg,6.000827852403745e-07
0001967.jpg,3.4348879125900567e-05
0001969.jpg,2.1661961000063457e-05
0001970.jpg,2.050751390925143e-05
0001973.jpg,9.768142490429454e-07
0001975.jpg,2.775810753519181e-05
0001992.jpg,3.1489153116126545e-06
0001993.jpg,0.0027047237381339073
0001995.jpg,8.42227746034041e-06
0002000.jpg,0.0002584121248219162
0002001.jpg,2.2311027350951917e-05
0002006.jpg,9.332246008852962e-06
0002009.jpg,0.0008332286961376667
0002012.jpg,0.00037861644523218274
0002013.jpg,5.568665073951706e-06
0002016.jpg,2.2630789317190647e-05
0002028.jpg,3.617874142491928e-07
0002032.jpg,0.0009105035569518805
0002033.jpg,2.0398518245201558e-05
0002034.jpg,0.0002061345148831606
0002037.jpg,3.357981768203899e-05
0002038.jpg,0.0010690793860703707
0002039.jpg,2.2178375729708932e-05
0002045.jpg,0.007758899591863155
0002047.jpg,2.0448282157303765e-05
0002048.jpg,0.00010110100993188098
0002058.jpg,0.0015687370905652642
0002059.jpg,0.00034677921212278306
0002063.jpg,7.5644620665116236e-06
0002064.jpg,7.428162916767178e-06
0002065.jpg,5.5518725275760517e-05
0002067.jpg,1.7580345001988462e-06
0002073.jpg,5.053192580817267e-05
0002074.jpg,2.1298385036061518e-05
0002076.jpg,6.516448775073513e-05
0002077.jpg,0.0006280335364863276
0002078.jpg,0.0001850887347245589
0002082.jpg,0.00062331254594028
0002084.jpg,5.515892189578153e-05
0002086.jpg,9.638794153943309e-07
0002090.jpg,2.752968342178974e-08
0002091.jpg,0.00011466189607745036
0002093.jpg,0.017722290009260178
0002095.jpg,3.067986835958436e-05
0002097.jpg,0.0020469685550779104
0002098.jpg,0.05242963135242462
0002100.jpg,1.0614736311254092e-05
0002101.jpg,2.157323069695849e-05
0002105.jpg,0.00012630307173822075
0002110.jpg,2.5264900614274666e-05
0002112.jpg,0.00016873767890501767
0002113.jpg,0.003220504615455866
0002118.jpg,0.00020581419812515378
0002120.jpg,1.512664766778471e-06
0002121.jpg,0.00040065328357741237
0002122.jpg,0.00028595325420610607
0002124.jpg,0.0002632116957101971
0002125.jpg,4.757881470141001e-05
0002128.jpg,1.8120690583600663e-05
0002133.jpg,9.163378126686439e-05
0002134.jpg,0.00048034347128123045
0002141.jpg,0.0003390683268662542
0002142.jpg,0.002945556305348873
0002146.jpg,4.9227532144868746e-05
0002147.jpg,5.053843779023737e-06
0002150.jpg,0.0027621553745120764
0002153.jpg,6.791730265831575e-05
0002156.jpg,0.0004770903615280986
0002160.jpg,0.0009527075453661382
0002161.jpg,0.0029431539587676525
0002166.jpg,8.695112683199113e-07
0002169.jpg,0.0009944371413439512
0002171.jpg,3.1989744456950575e-05
0002173.jpg,2.9899443688918836e-05
0002178.jpg,0.0016674487851560116
0002181.jpg,1.973804046428995e-06
0002182.jpg,2.7755248083849438e-05
0002186.jpg,7.403523341054097e-06
0002190.jpg,0.0002728134277276695
0002191.jpg,0.008894134312868118
0002201.jpg,0.0001391108671668917
0002205.jpg,0.0001060560462065041
0002206.jpg,0.004019437823444605
0002208.jpg,8.400283149967436e-06
0002211.jpg,4.856533450947609e-07
0002216.jpg,1.8401482520857826e-05
0002218.jpg,1.0010237019741908e-05
0002223.jpg,0.0012418613769114017
0002227.jpg,4.2112784285563976e-05
0002228.jpg,0.0016868783859536052
0002229.jpg,4.2776624468388036e-05
0002231.jpg,0.0013826735084876418
0002232.jpg,0.00024456510436721146
0002233.jpg,0.00036411109613254666
0002236.jpg,2.9721993996645324e-05
0002239.jpg,1.1112182392025716e-06
0002255.jpg,0.0004006271483376622
0002256.jpg,1.2606921700353269e-05
0002257.jpg,1.1024098967027385e-06
0002260.jpg,3.707516589201987e-05
0002262.jpg,3.929474041797221e-05
0002263.jpg,1.0378910701547284e-05
0002269.jpg,2.195476736233104e-05
0002278.jpg,0.011050278320908546
0002284.jpg,6.816237146267667e-05
0002285.jpg,2.3028063878882676e-05
0002286.jpg,1.9809018340311013e-05
0002287.jpg,0.0007507873815484345
0002288.jpg,0.0001692902878858149
0002289.jpg,0.005450885277241468
0002293.jpg,1.0768441825348418e-05
0002296.jpg,1.3491397510279057e-07
0002298.jpg,3.575656037924091e-08
0002299.jpg,4.9939520977204666e-05
0002302.jpg,0.00019706436432898045
0002306.jpg,1.6207255839617574e-06
0002308.jpg,4.574154900183203e-06
0002309.jpg,0.0011682410258799791
0002310.jpg,0.005051317624747753
0002312.jpg,0.00011980014824075624
0002314.jpg,1.382679238304263e-05
0002318.jpg,3.239534635213204e-05
0002319.jpg,0.004332828801125288
0002320.jpg,8.620310836704448e-06
0002321.jpg,0.00016270413470920175
0002324.jpg,0.0008746684761717916
0002327.jpg,0.0019471693085506558
0002330.jpg,0.0002148951025446877
0002332.jpg,1.7325463375073014e-07
0002333.jpg,0.00014489886234514415
0002335.jpg,0.00015053193783387542
0002339.jpg,6.1341870605247095e-06
0002346.jpg,9.352106280857697e-05
0002350.jpg,0.004222012124955654
0002354.jpg,2.737495378823951e-05
0002357.jpg,1.5488586768697132e-06
0002358.jpg,7.829853529983666e-06
0002363.jpg,0.003230756614357233
0002365.jpg,0.0010977492202073336
0002366.jpg,0.011792892590165138
0002367.jpg,1.9307462935103104e-05
0002372.jpg,0.0011069074971601367
0002374.jpg,0.00010866599768633023
0002380.jpg,8.955747762229294e-05
0002381.jpg,0.006794312968850136
0002384.jpg,5.5671143854851834e-06
0002385.jpg,9.762660738488194e-06
0002386.jpg,1.2115260688005947e-05
0002388.jpg,0.0056844791397452354
0002389.jpg,3.202808147761971e-05
0002396.jpg,0.0013949136482551694
0002398.jpg,9.864215098787099e-05
0002400.jpg,0.00025311316130682826
0002401.jpg,0.00633627362549305
0002403.jpg,0.030660325661301613
0002411.jpg,5.049812443758128e-07
0002412.jpg,1.014384338304808e-06
0002415.jpg,0.002087433822453022
0002418.jpg,0.000237739528529346
0002420.jpg,0.0002391392335994169
0002427.jpg,9.131566184805706e-05
0002429.jpg,3.061262532355613e-06
0002434.jpg,8.373261516680941e-05
0002437.jpg,0.0021177150774747133
0002443.jpg,0.0001241757272509858
0002444.jpg,2.773925871224492e-06
0002445.jpg,0.0018260201904922724
0002449.jpg,9.52567279455252e-05
0002452.jpg,0.0001814859133446589
0002457.jpg,0.0049563623033463955
0002459.jpg,1.495365324899467e-07
0002461.jpg,8.079024701146409e-05
0002463.jpg,2.9691552754229633e-06
0002468.jpg,1.485262419009814e-05
0002469.jpg,0.001318831113167107
0002470.jpg,2.529371840864769e-06
0002472.jpg,2.5460089091211557e-05
0002483.jpg,1.381937408950762e-07
0002490.jpg,0.0003673256142064929
0002492.jpg,0.0002901893458329141
0002493.jpg,0.003028920153155923
0002496.jpg,0.00021981395548209548
0002499.jpg,0.2804343104362488
0002502.jpg,0.0001263785088667646
0002505.jpg,7.639135583303869e-05
0002508.jpg,3.5818375181406736e-05
0002511.jpg,4.796251232619397e-06
0002512.jpg,3.5732839023694396e-05
0002519.jpg,0.00019821577006950974
0002521.jpg,9.38150242291158e-06
0002522.jpg,4.0634279230289394e-07
0002531.jpg,0.00035996735095977783
0002533.jpg,3.5281298096379032e-06
0002535.jpg,0.007701001595705748
0002536.jpg,1.920732984217466e-06
0002537.jpg,0.004684923216700554
0002538.jpg,0.00020776160818058997
0002544.jpg,0.00023733481066301465
0002545.jpg,3.067539000767283e-05
0002546.jpg,0.0028070705011487007
0002548.jpg,2.207363286288455e-05
0002550.jpg,0.0004869323456659913
0002554.jpg,7.194171485025436e-05
0002556.jpg,0.00029882046510465443
0002557.jpg,0.0002613108663354069
0002559.jpg,0.0006587869138456881
0002567.jpg,0.0015630428679287434
0002574.jpg,4.9797708925325423e-05
0002591.jpg,0.0008072112686932087
0002595.jpg,4.7195018851198256e-05
0002604.jpg,0.00038284060428850353
0002605.jpg,8.800345312920399e-06
0002609.jpg,1.5175402950262651e-05
0002613.jpg,3.6239016480976716e-05
0002614.jpg,4.4464504753705114e-05
0002617.jpg,0.0005176748964004219
0002619.jpg,0.00036481377901509404
0002620.jpg,0.10802289098501205
0002624.jpg,0.00016347295604646206
0002631.jpg,0.00015817508392501622
0002633.jpg,0.0015791120240464807
0002634.jpg,6.092263356549665e-05
0002638.jpg,0.0005464223213493824
0002644.jpg,1.8460927094565704e-05
0002645.jpg,0.00011062024714192376
0002646.jpg,2.3522889023297466e-06
0002652.jpg,0.00015254256140906364
0002655.jpg,0.0006153304711915553
0002657.jpg,8.3570193964988e-05
0002658.jpg,4.531594822765328e-05
0002661.jpg,6.204174042068189e-06
0002664.jpg,7.261763244059694e-07
0002666.jpg,0.004188989754766226
0002668.jpg,8.843656360113528e-06
0002674.jpg,0.0001286637707380578
0002677.jpg,0.004026622045785189
0002678.jpg,0.0017276938306167722
0002679.jpg,0.00022292228823062032
0002684.jpg,0.00014701750478707254
0002685.jpg,0.00017739195027388632
0002686.jpg,3.6285555324866436e-06
0002690.jpg,0.0013173955958336592
0002691.jpg,0.00012687234266195446
0002692.jpg,0.07124684005975723
0002694.jpg,8.917662489693612e-05
0002697.jpg,4.205423465464264e-06
0002698.jpg,2.1524094336200505e-05
0002699.jpg,0.0011822134256362915
0002703.jpg,4.540003283182159e-05
0002704.jpg,0.00022362863819580525
0002706.jpg,0.00012903207971248776
0002714.jpg,3.6117740819463506e-05
0002720.jpg,1.5738103684270754e-05
0002728.jpg,0.005811492912471294
0002729.jpg,0.0015124744968488812
0002737.jpg,2.8174904400657397e-06
0002740.jpg,0.00019040641200263053
0002743.jpg,4.000516128144227e-05
0002750.jpg,2.5757764888112433e-05
0002753.jpg,0.0011289960239082575
0002754.jpg,0.0013935468159615993
0002755.jpg,7.455030754499603e-06
0002762.jpg,1.0105790352099575e-05
0002769.jpg,2.5782021111808717e-05
0002772.jpg,0.00021007026953157037
0002773.jpg,0.00014991985517553985
0002775.jpg,0.00016289071936625987
0002778.jpg,9.25410631680279e-07
0002780.jpg,0.00016147403221111745
0002781.jpg,0.0002473345084581524
0002782.jpg,2.7255311579210684e-05
0002787.jpg,7.012207788648084e-05
0002790.jpg,0.0002532142971176654
0002792.jpg,0.0006689713336527348
0002794.jpg,1.2341797628323548e-05
0002800.jpg,0.00032115104841068387
0002801.jpg,7.574870778626064e-06
0002803.jpg,0.00018578821618575603
0002807.jpg,6.803587166359648e-05
0002808.jpg,1.4422541426029056e-05
0002810.jpg,7.9617611845606e-06
0002819.jpg,0.002047350164502859
0002820.jpg,0.0003754954959731549
0002821.jpg,2.213406696682796e-05
0002825.jpg,2.007680677706958e-06
0002827.jpg,1.4663918591395486e-05
0002829.jpg,1.722381784929894e-05
0002830.jpg,2.047220050371834e-06
0002831.jpg,0.00017929669411387295
0002835.jpg,0.0001841072808019817
0002840.jpg,7.414779247483239e-06
0002841.jpg,0.006004398223012686
0002842.jpg,0.0012745981803163886
0002844.jpg,0.0010260234121233225
0002851.jpg,0.00034505341318435967
0002853.jpg,1.7448277276344015e-06
0002854.jpg,1.064027765096398e-05
0002855.jpg,0.005737564526498318
0002858.jpg,9.444816896575503e-06
0002860.jpg,1.6196014257729985e-05
0002862.jpg,0.00037080483161844313
0002870.jpg,0.000766078126616776
0002873.jpg,0.00021029675554018468
0002877.jpg,7.666501005587634e-06
0002878.jpg,2.0044677512487397e-05
0002884.jpg,0.05845823511481285
0002887.jpg,9.257469173462596e-07
0002889.jpg,0.00011558400728972629
0002893.jpg,4.938123674946837e-05
0002895.jpg,0.00010591161844786257
0002897.jpg,0.0004490385763347149
0002898.jpg,0.0036754554603248835
0002899.jpg,0.0021093827672302723
0002901.jpg,0.0001935904729180038
0002904.jpg,0.00044703384628519416
0002908.jpg,0.0003815613454207778
0002915.jpg,2.1655763703165576e-05
0002916.jpg,1.638100184209179e-05
0002917.jpg,6.142017082311213e-05
0002919.jpg,6.130787369329482e-05
0002924.jpg,2.5219309463864192e-05
0002926.jpg,0.0001519754878245294
0002927.jpg,0.001021514879539609
0002929.jpg,0.002159494673833251
0002930.jpg,0.0006143571226857603
0002931.jpg,1.8515622286940925e-05
0002932.jpg,0.0010740929283201694
0002933.jpg,0.00017305946676060557
0002937.jpg,0.00012720972881652415
0002941.jpg,0.0022919210605323315
0002944.jpg,0.009867645800113678
0002947.jpg,1.5773806808283553e-05
0002948.jpg,0.0009738425724208355
0002963.jpg,0.00010188998567173257
0002967.jpg,0.011096497066318989
0002968.jpg,0.0014011400053277612
0002970.jpg,6.2753906604484655e-06
0002971.jpg,1.8325863493373618e-05
0002973.jpg,9.663264063419774e-05
0002975.jpg,0.0006755109643563628
0002977.jpg,0.0034622307866811752
0002979.jpg,4.153615918767173e-06
0002981.jpg,0.0003022674354724586
0002984.jpg,3.941547402064316e-05
0002986.jpg,0.0013006097869947553
0002988.jpg,2.2409434677683748e-05
0002993.jpg,0.0003764442226383835
0003000.jpg,9.307971595262643e-06
0003003.jpg,2.7910151402466e-05
0003004.jpg,3.483572982077021e-06
0003008.jpg,4.71633893539547e-06
0003011.jpg,0.0016468920512124896
0003018.jpg,0.002012220909819007
0003024.jpg,0.011462980881333351
0003028.jpg,0.00014522932178806514
0003030.jpg,0.0005919652758166194
0003033.jpg,1.4582383300876245e-06
0003040.jpg,7.540168553532567e-06
0003041.jpg,3.308641680632718e-05
0003044.jpg,1.5480756701435894e-05
0003047.jpg,1.555389098939486e-05
0003048.jpg,9.393590971740196e-07
0003050.jpg,0.000375157396774739
0003053.jpg,2.5778161216294393e-05
0003054.jpg,4.1631901694927365e-05
0003055.jpg,7.081655439833412e-08
0003064.jpg,0.00012408271140884608
0003071.jpg,1.5126449397939723e-05
0003074.jpg,8.366029214812443e-05
0003079.jpg,6.789314647903666e-05
0003081.jpg,3.6073699902772205e-06
0003086.jpg,2.610140370506997e-07
0003091.jpg,2.5302902940893546e-05
0003094.jpg,3.3781685488065705e-05
0003095.jpg,5.0086327973986045e-05
0003096.jpg,0.0014128185575827956
0003098.jpg,0.000274538149824366
0003099.jpg,6.323685374809429e-05
0003101.jpg,8.410600275965407e-05
0003105.jpg,0.0001013544897432439
0003107.jpg,0.0008360201609320939
0003110.jpg,7.853443821659312e-05
0003112.jpg,0.00030878817779012024
0003125.jpg,5.726653398596682e-06
0003131.jpg,7.434727740474045e-05
0003133.jpg,3.8490888982778415e-05
0003144.jpg,0.00017638754798099399
0003145.jpg,0.0004801896575372666
0003146.jpg,0.0002737253380473703
0003149.jpg,6.141069206933025e-06
0003150.jpg,4.075539254699834e-05
0003159.jpg,1.0974808901664801e-05
0003162.jpg,0.0004911372670903802
0003163.jpg,7.927112164907157e-05
0003171.jpg,2.1129502783878706e-05
0003172.jpg,4.636227401988435e-08
0003176.jpg,7.1889076025399845e-06
0003183.jpg,0.0009191117715090513
0003187.jpg,6.114753341535106e-05
0003188.jpg,2.1846778963663382e-07
0003198.jpg,0.0020634946413338184
0003200.jpg,4.762971911986824e-06
0003206.jpg,2.139074058504775e-05
0003207.jpg,1.7426229703687568e-07
0003209.jpg,0.0019295141100883484
0003212.jpg,9.774690261110663e-05
0003215.jpg,0.009397347457706928
0003218.jpg,0.0017927616136148572
0003220.jpg,1.925179094541818e-05
0003224.jpg,1.2328918273851741e-05
0003225.jpg,6.489895167760551e-05
0003235.jpg,3.718692096299492e-05
0003236.jpg,6.937785656191409e-06
0003237.jpg,1.1472794767541927e-06
0003242.jpg,0.0007198253879323602
0003243.jpg,3.463811663095839e-05
0003244.jpg,3.875294964927889e-07
0003247.jpg,0.0004939466598443687
0003249.jpg,9.480346488999203e-05
0003255.jpg,0.0020204188767820597
0003257.jpg,0.0021206196397542953
0003258.jpg,2.448732266202569e-05
0003260.jpg,5.490331659530057e-06
0003267.jpg,0.0010284209856763482
0003268.jpg,0.0007051609572954476
0003270.jpg,0.0024364879354834557
0003275.jpg,0.0007669228943996131
0003285.jpg,0.00010050255514215678
0003295.jpg,5.379717435971543e-07
0003299.jpg,0.0005833718460053205
0003303.jpg,0.00010187550651608035
0003306.jpg,0.0009489946532994509
0003307.jpg,1.7558666513650678e-05
0003311.jpg,0.0002941612619906664
0003314.jpg,3.9512047806056216e-05
0003315.jpg,0.0015300834784284234
0003319.jpg,5.3599684179062024e-05
0003328.jpg,0.0005182367749512196
0003331.jpg,0.0010937560582533479
0003337.jpg,3.294341513537802e-05
0003338.jpg,0.002620323793962598
0003344.jpg,5.809697904624045e-05
0003349.jpg,0.3999941349029541
0003351.jpg,0.0012031375663354993
0003353.jpg,1.3937435596744763e-06
0003355.jpg,1.998785592149943e-06
0003370.jpg,0.00028131541330367327
0003371.jpg,0.00027322574169375
0003375.jpg,0.0015413403743878007
0003379.jpg,1.0525155630602967e-05
0003380.jpg,0.00034168295678682625
0003383.jpg,0.00034835009137168527
0003385.jpg,0.0001354109845124185
0003386.jpg,2.9674130928469822e-05
0003388.jpg,0.0001364333147648722
0003392.jpg,9.168228643829934e-06
0003394.jpg,4.709345739684068e-05
0003396.jpg,2.0431967641343363e-05
0003398.jpg,7.428651770169381e-06
0003408.jpg,0.0011721032205969095
0003410.jpg,9.45500360103324e-05
0003415.jpg,2.4093302272376604e-05
0003418.jpg,0.00044850088306702673
0003420.jpg,0.0001935037289513275
0003428.jpg,6.464458419941366e-05
0003434.jpg,1.2566051736939698e-05
0003440.jpg,0.000281888380413875
0003448.jpg,8.184449143300299e-06
0003452.jpg,0.0016623319825157523
0003454.jpg,0.00034102308563888073
0003462.jpg,0.00024651686544530094
0003463.jpg,0.00013216504885349423
0003464.jpg,0.0012167661916464567
0003467.jpg,0.0006016635452397168
0003469.jpg,3.1472696718992665e-05
0003473.jpg,1.5515848872382776e-06
0003476.jpg,3.894084343869508e-08
0003477.jpg,6.0816066252300516e-05
0003480.jpg,0.0002673571289051324
0003482.jpg,2.073029645544011e-05
0003483.jpg,0.000813965976703912
0003487.jpg,1.3620824574900325e-06
0003492.jpg,3.7128009466869116e-07
0003493.jpg,5.1379509386606514e-05
0003498.jpg,1.2898869499622378e-05
0003499.jpg,0.0001619457034394145
0003502.jpg,3.749097004401847e-06
0003503.jpg,0.0011029730085283518
0003504.jpg,0.00036643442581407726
0003507.jpg,2.2433876438299194e-05
0003510.jpg,0.000150075473356992
0003513.jpg,3.059679511352442e-05
0003519.jpg,0.00013110654253978282
0003520.jpg,0.00018811372865457088
0003526.jpg,2.7299040084471926e-05
0003527.jpg,0.00015443787560798228
0003528.jpg,9.096983558265492e-05
0003530.jpg,2.4064047465799376e-05
0003536.jpg,1.1693628039211035e-05
0003538.jpg,1.9417700968915597e-05
0003544.jpg,0.0024539579171687365
0003549.jpg,0.0003000934957526624
0003551.jpg,1.0600366522339755e-06
0003553.jpg,0.000693273323122412
0003555.jpg,0.00026689967489801347
0003558.jpg,5.128702923684614e-06
0003559.jpg,3.115755316684954e-05
0003560.jpg,2.9674978577531874e-05
0003562.jpg,0.00011689224629662931
0003563.jpg,0.00010524845856707543
0003564.jpg,6.10802999290172e-07
0003565.jpg,0.0008358528139069676
0003566.jpg,0.0001718831481412053
0003572.jpg,0.00026172277284786105
0003573.jpg,0.00039930042112246156
0003576.jpg,2.058141581073869e-05
0003579.jpg,9.449301074937466e-08
0003580.jpg,1.963823251571739e-06
0003583.jpg,4.425536099006422e-05
0003584.jpg,0.0011651880340650678
0003589.jpg,4.709179847850464e-05
0003597.jpg,0.007587959058582783
0003600.jpg,2.0147881514276378e-05
0003602.jpg,0.00043077097507193685
0003604.jpg,4.660867489292286e-06
0003605.jpg,0.0005606290069408715
0003607.jpg,2.5785850539250532e-06
0003608.jpg,9.71508961811196e-06
0003609.jpg,0.0003418497508391738
0003615.jpg,0.00022975476167630404
0003616.jpg,5.252459231996909e-06
0003618.jpg,0.0054681748151779175
0003621.jpg,2.2022008749900124e-07
0003622.jpg,0.0005168099305592477
0003628.jpg,0.00010173803457291797
0003630.jpg,8.703717867319938e-06
0003631.jpg,0.00011096762318629771
0003633.jpg,3.90714831155492e-06
0003637.jpg,0.00013456222950480878
0003649.jpg,0.0019179974915459752
0003653.jpg,6.085911650188791e-07
0003655.jpg,6.044047040631995e-07
0003656.jpg,0.00037083387724123895
0003657.jpg,0.000440191914094612
0003667.jpg,0.00016229553148150444
0003668.jpg,0.00902183074504137
0003669.jpg,4.27231025241781e-05
0003671.jpg,0.00020873795438092202
0003679.jpg,7.494522378692636e-06
0003680.jpg,0.0004570674791466445
0003681.jpg,0.002142653800547123
0003685.jpg,3.0296978366095573e-05
0003691.jpg,0.00023311607947107404
0003692.jpg,0.0013486600946635008
0003698.jpg,8.552947838325053e-05
0003702.jpg,1.0813938388309907e-05
0003704.jpg,1.645494921831414e-05
0003706.jpg,2.9203894882812165e-05
0003708.jpg,0.002716721035540104
0003713.jpg,2.551200486777816e-05
0003717.jpg,2.1287960407789797e-06
0003719.jpg,1.1028231483578566e-06
0003721.jpg,0.0006246744305826724
0003729.jpg,0.00017624362953938544
0003731.jpg,0.0001272129884455353
0003734.jpg,0.003032026346772909
0003739.jpg,0.0003948858648072928
0003742.jpg,3.686627314891666e-05
0003745.jpg,0.0008600642904639244
0003747.jpg,8.171016088454053e-05
0003750.jpg,8.955055818660185e-05
0003751.jpg,5.452777986647561e-05
0003752.jpg,3.427842602832243e-05
0003753.jpg,0.0007086687837727368
0003754.jpg,9.536688594380394e-05
0003755.jpg,6.072079122532159e-05
0003761.jpg,2.4313081667060032e-05
0003762.jpg,0.00015854624507483095
0003763.jpg,0.00016197675722651184
0003764.jpg,0.00014539336552843451
0003767.jpg,3.191091673215851e-05
0003768.jpg,0.0003270952438469976
0003772.jpg,3.735965776741068e-07
0003773.jpg,8.927282578952145e-06
0003783.jpg,0.00015226282994262874
0003784.jpg,9.103426236833911e-06
0003786.jpg,7.233400992845418e-06
0003787.jpg,0.0008340126951225102
0003789.jpg,3.103046037722379e-05
0003792.jpg,7.943656783027109e-06
0003799.jpg,0.00011306691158097237
0003802.jpg,2.761286850727629e-05
0003803.jpg,2.073650875900057e-06
0003804.jpg,5.943235919403378e-06
0003805.jpg,0.00028583878884091973
0003806.jpg,1.5708592400187626e-05
0003811.jpg,1.4177348930388689e-05
0003812.jpg,3.6006472328153905e-06
0003815.jpg,1.1900358003913425e-05
0003816.jpg,1.3528298040910158e-05
0003817.jpg,0.0001190099646919407
0003819.jpg,8.224305929616094e-05
0003820.jpg,6.35468438758835e-07
0003825.jpg,7.738094041087606e-07
0003828.jpg,0.00017233361722901464
0003833.jpg,0.0015768170123919845
0003840.jpg,6.0171114455442876e-05
0003842.jpg,0.0002516326494514942
0003845.jpg,0.00023900248925201595
0003846.jpg,0.0003897712449543178
0003848.jpg,5.066863650426967e-06
0003850.jpg,0.00278567080385983
0003856.jpg,0.00016795771080069244
0003863.jpg,0.0008036806830205023
0003875.jpg,0.0008919477113522589
0003876.jpg,0.00039028990431688726
0003877.jpg,3.2776511943666264e-05
0003878.jpg,8.240658644353971e-05
0003879.jpg,2.4051569198491052e-05
0003880.jpg,0.00011908352462342009
0003881.jpg,4.918829745292896e-06
0003893.jpg,0.00041605456499382854
0003894.jpg,0.0001240357378264889
0003896.jpg,5.641300049319398e-07
0003898.jpg,0.00039348742575384676
0003900.jpg,0.0001723502209642902
0003903.jpg,0.0004053899901919067
0003904.jpg,0.0009535753051750362
0003905.jpg,1.4650625416834373e-05
0003914.jpg,3.5665465247802786e-07
0003916.jpg,7.160320365073858e-06
0003920.jpg,6.458671850850806e-05
0003925.jpg,1.6057905668276362e-05
